numberOfInstances,combination,nodeName,podName,energyConsumption
1,1kind-worker-0kind-worker2,kind-worker,instances1-1kind-worker-0kind-worker2-pod1,147.909
1,0kind-worker-1kind-worker2,kind-worker2,instances1-0kind-worker-1kind-worker2-pod1,151.836
2,2kind-worker-0kind-worker2,kind-worker,instances2-2kind-worker-0kind-worker2-pod1,143.313
2,2kind-worker-0kind-worker2,kind-worker,instances2-2kind-worker-0kind-worker2-pod2,87.216
2,1kind-worker-1kind-worker2,kind-worker,instances2-1kind-worker-1kind-worker2-pod1,124.653
2,1kind-worker-1kind-worker2,kind-worker2,instances2-1kind-worker-1kind-worker2-pod2,148.659
2,0kind-worker-2kind-worker2,kind-worker2,instances2-0kind-worker-2kind-worker2-pod1,148.581
2,0kind-worker-2kind-worker2,kind-worker2,instances2-0kind-worker-2kind-worker2-pod2,119.184
3,3kind-worker-0kind-worker2,kind-worker,instances3-3kind-worker-0kind-worker2-pod1,115.854
3,3kind-worker-0kind-worker2,kind-worker,instances3-3kind-worker-0kind-worker2-pod2,132.711
3,3kind-worker-0kind-worker2,kind-worker,instances3-3kind-worker-0kind-worker2-pod3,147.399
3,2kind-worker-1kind-worker2,kind-worker,instances3-2kind-worker-1kind-worker2-pod1,147.183
3,2kind-worker-1kind-worker2,kind-worker,instances3-2kind-worker-1kind-worker2-pod2,67.698
3,2kind-worker-1kind-worker2,kind-worker2,instances3-2kind-worker-1kind-worker2-pod3,123.399
3,1kind-worker-2kind-worker2,kind-worker,instances3-1kind-worker-2kind-worker2-pod1,148.908
3,1kind-worker-2kind-worker2,kind-worker2,instances3-1kind-worker-2kind-worker2-pod2,98.343
3,1kind-worker-2kind-worker2,kind-worker2,instances3-1kind-worker-2kind-worker2-pod3,97.848
3,0kind-worker-3kind-worker2,kind-worker2,instances3-0kind-worker-3kind-worker2-pod1,143.904
3,0kind-worker-3kind-worker2,kind-worker2,instances3-0kind-worker-3kind-worker2-pod2,143.793
3,0kind-worker-3kind-worker2,kind-worker2,instances3-0kind-worker-3kind-worker2-pod3,143.877
4,4kind-worker-0kind-worker2,kind-worker,instances4-4kind-worker-0kind-worker2-pod1,146.643
4,4kind-worker-0kind-worker2,kind-worker,instances4-4kind-worker-0kind-worker2-pod2,139.251
4,4kind-worker-0kind-worker2,kind-worker,instances4-4kind-worker-0kind-worker2-pod3,136.989
4,4kind-worker-0kind-worker2,kind-worker,instances4-4kind-worker-0kind-worker2-pod4,136.788
4,3kind-worker-1kind-worker2,kind-worker,instances4-3kind-worker-1kind-worker2-pod1,136.074
4,3kind-worker-1kind-worker2,kind-worker,instances4-3kind-worker-1kind-worker2-pod2,122.112
4,3kind-worker-1kind-worker2,kind-worker,instances4-3kind-worker-1kind-worker2-pod3,140.109
4,3kind-worker-1kind-worker2,kind-worker2,instances4-3kind-worker-1kind-worker2-pod4,147.51
4,2kind-worker-2kind-worker2,kind-worker,instances4-2kind-worker-2kind-worker2-pod1,139.839
4,2kind-worker-2kind-worker2,kind-worker,instances4-2kind-worker-2kind-worker2-pod2,142.575
4,2kind-worker-2kind-worker2,kind-worker2,instances4-2kind-worker-2kind-worker2-pod3,148.932
4,2kind-worker-2kind-worker2,kind-worker2,instances4-2kind-worker-2kind-worker2-pod4,142.473
4,1kind-worker-3kind-worker2,kind-worker,instances4-1kind-worker-3kind-worker2-pod1,151.635
4,1kind-worker-3kind-worker2,kind-worker2,instances4-1kind-worker-3kind-worker2-pod2,129.582
4,1kind-worker-3kind-worker2,kind-worker2,instances4-1kind-worker-3kind-worker2-pod3,147.552
4,1kind-worker-3kind-worker2,kind-worker2,instances4-1kind-worker-3kind-worker2-pod4,145.629
4,0kind-worker-4kind-worker2,kind-worker2,instances4-0kind-worker-4kind-worker2-pod1,122.442
4,0kind-worker-4kind-worker2,kind-worker2,instances4-0kind-worker-4kind-worker2-pod2,146.109
4,0kind-worker-4kind-worker2,kind-worker2,instances4-0kind-worker-4kind-worker2-pod3,140.373
4,0kind-worker-4kind-worker2,kind-worker2,instances4-0kind-worker-4kind-worker2-pod4,138.516
5,5kind-worker-0kind-worker2,kind-worker,instances5-5kind-worker-0kind-worker2-pod1,153.147
5,5kind-worker-0kind-worker2,kind-worker,instances5-5kind-worker-0kind-worker2-pod2,145.506
5,5kind-worker-0kind-worker2,kind-worker,instances5-5kind-worker-0kind-worker2-pod3,147.747
5,5kind-worker-0kind-worker2,kind-worker,instances5-5kind-worker-0kind-worker2-pod4,153.243
5,5kind-worker-0kind-worker2,kind-worker,instances5-5kind-worker-0kind-worker2-pod5,152.178
5,4kind-worker-1kind-worker2,kind-worker,instances5-4kind-worker-1kind-worker2-pod1,121.839
5,4kind-worker-1kind-worker2,kind-worker,instances5-4kind-worker-1kind-worker2-pod2,107.364
5,4kind-worker-1kind-worker2,kind-worker,instances5-4kind-worker-1kind-worker2-pod3,145.986
5,4kind-worker-1kind-worker2,kind-worker,instances5-4kind-worker-1kind-worker2-pod4,116.088
5,4kind-worker-1kind-worker2,kind-worker2,instances5-4kind-worker-1kind-worker2-pod5,151.512
5,3kind-worker-2kind-worker2,kind-worker,instances5-3kind-worker-2kind-worker2-pod1,153.882
5,3kind-worker-2kind-worker2,kind-worker,instances5-3kind-worker-2kind-worker2-pod2,141.501
5,3kind-worker-2kind-worker2,kind-worker,instances5-3kind-worker-2kind-worker2-pod3,135.822
5,3kind-worker-2kind-worker2,kind-worker2,instances5-3kind-worker-2kind-worker2-pod4,114.384
5,3kind-worker-2kind-worker2,kind-worker2,instances5-3kind-worker-2kind-worker2-pod5,154.941
5,2kind-worker-3kind-worker2,kind-worker,instances5-2kind-worker-3kind-worker2-pod1,126.255
5,2kind-worker-3kind-worker2,kind-worker,instances5-2kind-worker-3kind-worker2-pod2,155.106
5,2kind-worker-3kind-worker2,kind-worker2,instances5-2kind-worker-3kind-worker2-pod3,110.076
5,2kind-worker-3kind-worker2,kind-worker2,instances5-2kind-worker-3kind-worker2-pod4,154.68
5,2kind-worker-3kind-worker2,kind-worker2,instances5-2kind-worker-3kind-worker2-pod5,148.623
5,1kind-worker-4kind-worker2,kind-worker,instances5-1kind-worker-4kind-worker2-pod1,147.516
5,1kind-worker-4kind-worker2,kind-worker2,instances5-1kind-worker-4kind-worker2-pod2,142.74
5,1kind-worker-4kind-worker2,kind-worker2,instances5-1kind-worker-4kind-worker2-pod3,150.711
5,1kind-worker-4kind-worker2,kind-worker2,instances5-1kind-worker-4kind-worker2-pod4,137.691
5,1kind-worker-4kind-worker2,kind-worker2,instances5-1kind-worker-4kind-worker2-pod5,149.688
5,0kind-worker-5kind-worker2,kind-worker2,instances5-0kind-worker-5kind-worker2-pod1,151.329
5,0kind-worker-5kind-worker2,kind-worker2,instances5-0kind-worker-5kind-worker2-pod2,151.779
5,0kind-worker-5kind-worker2,kind-worker2,instances5-0kind-worker-5kind-worker2-pod3,152.325
5,0kind-worker-5kind-worker2,kind-worker2,instances5-0kind-worker-5kind-worker2-pod4,145.752
5,0kind-worker-5kind-worker2,kind-worker2,instances5-0kind-worker-5kind-worker2-pod5,151.809
6,6kind-worker-0kind-worker2,kind-worker,instances6-6kind-worker-0kind-worker2-pod1,153.798
6,6kind-worker-0kind-worker2,kind-worker,instances6-6kind-worker-0kind-worker2-pod2,153.927
6,6kind-worker-0kind-worker2,kind-worker,instances6-6kind-worker-0kind-worker2-pod3,154.476
6,6kind-worker-0kind-worker2,kind-worker,instances6-6kind-worker-0kind-worker2-pod4,152.781
6,6kind-worker-0kind-worker2,kind-worker,instances6-6kind-worker-0kind-worker2-pod5,154.551
6,6kind-worker-0kind-worker2,kind-worker,instances6-6kind-worker-0kind-worker2-pod6,153.357
6,5kind-worker-1kind-worker2,kind-worker,instances6-5kind-worker-1kind-worker2-pod1,154.731
6,5kind-worker-1kind-worker2,kind-worker,instances6-5kind-worker-1kind-worker2-pod2,150.006
6,5kind-worker-1kind-worker2,kind-worker,instances6-5kind-worker-1kind-worker2-pod3,153.381
6,5kind-worker-1kind-worker2,kind-worker,instances6-5kind-worker-1kind-worker2-pod4,146.271
6,5kind-worker-1kind-worker2,kind-worker,instances6-5kind-worker-1kind-worker2-pod5,153.957
6,5kind-worker-1kind-worker2,kind-worker2,instances6-5kind-worker-1kind-worker2-pod6,125.322
6,4kind-worker-2kind-worker2,kind-worker,instances6-4kind-worker-2kind-worker2-pod1,136.869
6,4kind-worker-2kind-worker2,kind-worker,instances6-4kind-worker-2kind-worker2-pod2,153.156
6,4kind-worker-2kind-worker2,kind-worker,instances6-4kind-worker-2kind-worker2-pod3,150.033
6,4kind-worker-2kind-worker2,kind-worker,instances6-4kind-worker-2kind-worker2-pod4,147.804
6,4kind-worker-2kind-worker2,kind-worker2,instances6-4kind-worker-2kind-worker2-pod5,125.973
6,4kind-worker-2kind-worker2,kind-worker2,instances6-4kind-worker-2kind-worker2-pod6,138.477
6,3kind-worker-3kind-worker2,kind-worker,instances6-3kind-worker-3kind-worker2-pod1,133.677
6,3kind-worker-3kind-worker2,kind-worker,instances6-3kind-worker-3kind-worker2-pod2,134.856
6,3kind-worker-3kind-worker2,kind-worker,instances6-3kind-worker-3kind-worker2-pod3,149.061
6,3kind-worker-3kind-worker2,kind-worker2,instances6-3kind-worker-3kind-worker2-pod4,154.461
6,3kind-worker-3kind-worker2,kind-worker2,instances6-3kind-worker-3kind-worker2-pod5,134.115
6,3kind-worker-3kind-worker2,kind-worker2,instances6-3kind-worker-3kind-worker2-pod6,152.271
6,2kind-worker-4kind-worker2,kind-worker,instances6-2kind-worker-4kind-worker2-pod1,144.987
6,2kind-worker-4kind-worker2,kind-worker,instances6-2kind-worker-4kind-worker2-pod2,145.254
6,2kind-worker-4kind-worker2,kind-worker2,instances6-2kind-worker-4kind-worker2-pod3,118.005
6,2kind-worker-4kind-worker2,kind-worker2,instances6-2kind-worker-4kind-worker2-pod4,151.134
6,2kind-worker-4kind-worker2,kind-worker2,instances6-2kind-worker-4kind-worker2-pod5,134.658
6,2kind-worker-4kind-worker2,kind-worker2,instances6-2kind-worker-4kind-worker2-pod6,135.987
6,1kind-worker-5kind-worker2,kind-worker,instances6-1kind-worker-5kind-worker2-pod1,142.365
6,1kind-worker-5kind-worker2,kind-worker2,instances6-1kind-worker-5kind-worker2-pod2,153.504
6,1kind-worker-5kind-worker2,kind-worker2,instances6-1kind-worker-5kind-worker2-pod3,152.901
6,1kind-worker-5kind-worker2,kind-worker2,instances6-1kind-worker-5kind-worker2-pod4,146.076
6,1kind-worker-5kind-worker2,kind-worker2,instances6-1kind-worker-5kind-worker2-pod5,154.353
6,1kind-worker-5kind-worker2,kind-worker2,instances6-1kind-worker-5kind-worker2-pod6,150.885
6,0kind-worker-6kind-worker2,kind-worker2,instances6-0kind-worker-6kind-worker2-pod1,150.165
6,0kind-worker-6kind-worker2,kind-worker2,instances6-0kind-worker-6kind-worker2-pod2,151.95
6,0kind-worker-6kind-worker2,kind-worker2,instances6-0kind-worker-6kind-worker2-pod3,154.389
6,0kind-worker-6kind-worker2,kind-worker2,instances6-0kind-worker-6kind-worker2-pod4,154.881
6,0kind-worker-6kind-worker2,kind-worker2,instances6-0kind-worker-6kind-worker2-pod5,154.326
6,0kind-worker-6kind-worker2,kind-worker2,instances6-0kind-worker-6kind-worker2-pod6,153.855
7,7kind-worker-0kind-worker2,kind-worker,instances7-7kind-worker-0kind-worker2-pod1,154.635
7,7kind-worker-0kind-worker2,kind-worker,instances7-7kind-worker-0kind-worker2-pod2,154.128
7,7kind-worker-0kind-worker2,kind-worker,instances7-7kind-worker-0kind-worker2-pod3,154.086
7,7kind-worker-0kind-worker2,kind-worker,instances7-7kind-worker-0kind-worker2-pod4,153.351
7,7kind-worker-0kind-worker2,kind-worker,instances7-7kind-worker-0kind-worker2-pod5,153.756
7,7kind-worker-0kind-worker2,kind-worker,instances7-7kind-worker-0kind-worker2-pod6,154.257
7,7kind-worker-0kind-worker2,kind-worker,instances7-7kind-worker-0kind-worker2-pod7,154.512
7,6kind-worker-1kind-worker2,kind-worker,instances7-6kind-worker-1kind-worker2-pod1,155.862
7,6kind-worker-1kind-worker2,kind-worker,instances7-6kind-worker-1kind-worker2-pod2,154.251
7,6kind-worker-1kind-worker2,kind-worker,instances7-6kind-worker-1kind-worker2-pod3,153.945
7,6kind-worker-1kind-worker2,kind-worker,instances7-6kind-worker-1kind-worker2-pod4,152.31
7,6kind-worker-1kind-worker2,kind-worker,instances7-6kind-worker-1kind-worker2-pod5,154.722
7,6kind-worker-1kind-worker2,kind-worker,instances7-6kind-worker-1kind-worker2-pod6,152.124
7,6kind-worker-1kind-worker2,kind-worker2,instances7-6kind-worker-1kind-worker2-pod7,109.545
7,5kind-worker-2kind-worker2,kind-worker,instances7-5kind-worker-2kind-worker2-pod1,152.196
7,5kind-worker-2kind-worker2,kind-worker,instances7-5kind-worker-2kind-worker2-pod2,155.469
7,5kind-worker-2kind-worker2,kind-worker,instances7-5kind-worker-2kind-worker2-pod3,153.549
7,5kind-worker-2kind-worker2,kind-worker,instances7-5kind-worker-2kind-worker2-pod4,149.451
7,5kind-worker-2kind-worker2,kind-worker,instances7-5kind-worker-2kind-worker2-pod5,155.385
7,5kind-worker-2kind-worker2,kind-worker2,instances7-5kind-worker-2kind-worker2-pod6,109.575
7,5kind-worker-2kind-worker2,kind-worker2,instances7-5kind-worker-2kind-worker2-pod7,149.805
7,4kind-worker-3kind-worker2,kind-worker,instances7-4kind-worker-3kind-worker2-pod1,150.927
7,4kind-worker-3kind-worker2,kind-worker,instances7-4kind-worker-3kind-worker2-pod2,113.736
7,4kind-worker-3kind-worker2,kind-worker,instances7-4kind-worker-3kind-worker2-pod3,132.636
7,4kind-worker-3kind-worker2,kind-worker,instances7-4kind-worker-3kind-worker2-pod4,117.444
7,4kind-worker-3kind-worker2,kind-worker2,instances7-4kind-worker-3kind-worker2-pod5,151.485
7,4kind-worker-3kind-worker2,kind-worker2,instances7-4kind-worker-3kind-worker2-pod6,149.439
7,4kind-worker-3kind-worker2,kind-worker2,instances7-4kind-worker-3kind-worker2-pod7,115.8
7,3kind-worker-4kind-worker2,kind-worker,instances7-3kind-worker-4kind-worker2-pod1,147.294
7,3kind-worker-4kind-worker2,kind-worker,instances7-3kind-worker-4kind-worker2-pod2,153.948
7,3kind-worker-4kind-worker2,kind-worker,instances7-3kind-worker-4kind-worker2-pod3,142.344
7,3kind-worker-4kind-worker2,kind-worker2,instances7-3kind-worker-4kind-worker2-pod4,148.212
7,3kind-worker-4kind-worker2,kind-worker2,instances7-3kind-worker-4kind-worker2-pod5,128.199
7,3kind-worker-4kind-worker2,kind-worker2,instances7-3kind-worker-4kind-worker2-pod6,119.424
7,3kind-worker-4kind-worker2,kind-worker2,instances7-3kind-worker-4kind-worker2-pod7,149.043
7,2kind-worker-5kind-worker2,kind-worker,instances7-2kind-worker-5kind-worker2-pod1,151.026
7,2kind-worker-5kind-worker2,kind-worker,instances7-2kind-worker-5kind-worker2-pod2,141.921
7,2kind-worker-5kind-worker2,kind-worker2,instances7-2kind-worker-5kind-worker2-pod3,148.971
7,2kind-worker-5kind-worker2,kind-worker2,instances7-2kind-worker-5kind-worker2-pod4,152.523
7,2kind-worker-5kind-worker2,kind-worker2,instances7-2kind-worker-5kind-worker2-pod5,147.429
7,2kind-worker-5kind-worker2,kind-worker2,instances7-2kind-worker-5kind-worker2-pod6,152.304
7,2kind-worker-5kind-worker2,kind-worker2,instances7-2kind-worker-5kind-worker2-pod7,154.614
7,1kind-worker-6kind-worker2,kind-worker,instances7-1kind-worker-6kind-worker2-pod1,142.419
7,1kind-worker-6kind-worker2,kind-worker2,instances7-1kind-worker-6kind-worker2-pod2,155.121
7,1kind-worker-6kind-worker2,kind-worker2,instances7-1kind-worker-6kind-worker2-pod3,154.155
7,1kind-worker-6kind-worker2,kind-worker2,instances7-1kind-worker-6kind-worker2-pod4,156.279
7,1kind-worker-6kind-worker2,kind-worker2,instances7-1kind-worker-6kind-worker2-pod5,154.101
7,1kind-worker-6kind-worker2,kind-worker2,instances7-1kind-worker-6kind-worker2-pod6,154.488
7,1kind-worker-6kind-worker2,kind-worker2,instances7-1kind-worker-6kind-worker2-pod7,155.679
7,0kind-worker-7kind-worker2,kind-worker2,instances7-0kind-worker-7kind-worker2-pod1,154.896
7,0kind-worker-7kind-worker2,kind-worker2,instances7-0kind-worker-7kind-worker2-pod2,154.455
7,0kind-worker-7kind-worker2,kind-worker2,instances7-0kind-worker-7kind-worker2-pod3,154.434
7,0kind-worker-7kind-worker2,kind-worker2,instances7-0kind-worker-7kind-worker2-pod4,153.252
7,0kind-worker-7kind-worker2,kind-worker2,instances7-0kind-worker-7kind-worker2-pod5,154.23
7,0kind-worker-7kind-worker2,kind-worker2,instances7-0kind-worker-7kind-worker2-pod6,153.912
7,0kind-worker-7kind-worker2,kind-worker2,instances7-0kind-worker-7kind-worker2-pod7,154.116
8,8kind-worker-0kind-worker2,kind-worker,instances8-8kind-worker-0kind-worker2-pod1,155.421
8,8kind-worker-0kind-worker2,kind-worker,instances8-8kind-worker-0kind-worker2-pod2,154.245
8,8kind-worker-0kind-worker2,kind-worker,instances8-8kind-worker-0kind-worker2-pod3,154.134
8,8kind-worker-0kind-worker2,kind-worker,instances8-8kind-worker-0kind-worker2-pod4,155.787
8,8kind-worker-0kind-worker2,kind-worker,instances8-8kind-worker-0kind-worker2-pod5,154.407
8,8kind-worker-0kind-worker2,kind-worker,instances8-8kind-worker-0kind-worker2-pod6,154.968
8,8kind-worker-0kind-worker2,kind-worker,instances8-8kind-worker-0kind-worker2-pod7,155.715
8,8kind-worker-0kind-worker2,kind-worker,instances8-8kind-worker-0kind-worker2-pod8,151.173
8,7kind-worker-1kind-worker2,kind-worker,instances8-7kind-worker-1kind-worker2-pod1,154.491
8,7kind-worker-1kind-worker2,kind-worker,instances8-7kind-worker-1kind-worker2-pod2,149.871
8,7kind-worker-1kind-worker2,kind-worker,instances8-7kind-worker-1kind-worker2-pod3,150.774
8,7kind-worker-1kind-worker2,kind-worker,instances8-7kind-worker-1kind-worker2-pod4,152.571
8,7kind-worker-1kind-worker2,kind-worker,instances8-7kind-worker-1kind-worker2-pod5,153.372
8,7kind-worker-1kind-worker2,kind-worker,instances8-7kind-worker-1kind-worker2-pod6,148.422
8,7kind-worker-1kind-worker2,kind-worker,instances8-7kind-worker-1kind-worker2-pod7,152.931
8,7kind-worker-1kind-worker2,kind-worker2,instances8-7kind-worker-1kind-worker2-pod8,144.729
8,6kind-worker-2kind-worker2,kind-worker,instances8-6kind-worker-2kind-worker2-pod1,153.408
8,6kind-worker-2kind-worker2,kind-worker,instances8-6kind-worker-2kind-worker2-pod2,154.404
8,6kind-worker-2kind-worker2,kind-worker,instances8-6kind-worker-2kind-worker2-pod3,152.874
8,6kind-worker-2kind-worker2,kind-worker,instances8-6kind-worker-2kind-worker2-pod4,153.282
8,6kind-worker-2kind-worker2,kind-worker,instances8-6kind-worker-2kind-worker2-pod5,152.856
8,6kind-worker-2kind-worker2,kind-worker,instances8-6kind-worker-2kind-worker2-pod6,154.194
8,6kind-worker-2kind-worker2,kind-worker2,instances8-6kind-worker-2kind-worker2-pod7,134.358
8,6kind-worker-2kind-worker2,kind-worker2,instances8-6kind-worker-2kind-worker2-pod8,142.482
8,5kind-worker-3kind-worker2,kind-worker,instances8-5kind-worker-3kind-worker2-pod1,153.621
8,5kind-worker-3kind-worker2,kind-worker,instances8-5kind-worker-3kind-worker2-pod2,153.963
8,5kind-worker-3kind-worker2,kind-worker,instances8-5kind-worker-3kind-worker2-pod3,153.801
8,5kind-worker-3kind-worker2,kind-worker,instances8-5kind-worker-3kind-worker2-pod4,156.837
8,5kind-worker-3kind-worker2,kind-worker,instances8-5kind-worker-3kind-worker2-pod5,148.59
8,5kind-worker-3kind-worker2,kind-worker2,instances8-5kind-worker-3kind-worker2-pod6,134.562
8,5kind-worker-3kind-worker2,kind-worker2,instances8-5kind-worker-3kind-worker2-pod7,133.437
8,5kind-worker-3kind-worker2,kind-worker2,instances8-5kind-worker-3kind-worker2-pod8,149.982
8,4kind-worker-4kind-worker2,kind-worker,instances8-4kind-worker-4kind-worker2-pod1,134.628
8,4kind-worker-4kind-worker2,kind-worker,instances8-4kind-worker-4kind-worker2-pod2,149.946
8,4kind-worker-4kind-worker2,kind-worker,instances8-4kind-worker-4kind-worker2-pod3,112.035
8,4kind-worker-4kind-worker2,kind-worker,instances8-4kind-worker-4kind-worker2-pod4,135.462
8,4kind-worker-4kind-worker2,kind-worker2,instances8-4kind-worker-4kind-worker2-pod5,146.397
8,4kind-worker-4kind-worker2,kind-worker2,instances8-4kind-worker-4kind-worker2-pod6,150.6
8,4kind-worker-4kind-worker2,kind-worker2,instances8-4kind-worker-4kind-worker2-pod7,101.283
8,4kind-worker-4kind-worker2,kind-worker2,instances8-4kind-worker-4kind-worker2-pod8,144.957
8,3kind-worker-5kind-worker2,kind-worker,instances8-3kind-worker-5kind-worker2-pod1,139.368
8,3kind-worker-5kind-worker2,kind-worker,instances8-3kind-worker-5kind-worker2-pod2,113.274
8,3kind-worker-5kind-worker2,kind-worker,instances8-3kind-worker-5kind-worker2-pod3,123.69
8,3kind-worker-5kind-worker2,kind-worker2,instances8-3kind-worker-5kind-worker2-pod4,150.72
8,3kind-worker-5kind-worker2,kind-worker2,instances8-3kind-worker-5kind-worker2-pod5,147.867
8,3kind-worker-5kind-worker2,kind-worker2,instances8-3kind-worker-5kind-worker2-pod6,148.44
8,3kind-worker-5kind-worker2,kind-worker2,instances8-3kind-worker-5kind-worker2-pod7,145.077
8,3kind-worker-5kind-worker2,kind-worker2,instances8-3kind-worker-5kind-worker2-pod8,151.977
8,2kind-worker-6kind-worker2,kind-worker,instances8-2kind-worker-6kind-worker2-pod1,129.582
8,2kind-worker-6kind-worker2,kind-worker,instances8-2kind-worker-6kind-worker2-pod2,151.809
8,2kind-worker-6kind-worker2,kind-worker2,instances8-2kind-worker-6kind-worker2-pod3,153.549
8,2kind-worker-6kind-worker2,kind-worker2,instances8-2kind-worker-6kind-worker2-pod4,156.168
8,2kind-worker-6kind-worker2,kind-worker2,instances8-2kind-worker-6kind-worker2-pod5,154.737
8,2kind-worker-6kind-worker2,kind-worker2,instances8-2kind-worker-6kind-worker2-pod6,155.841
8,2kind-worker-6kind-worker2,kind-worker2,instances8-2kind-worker-6kind-worker2-pod7,154.554
8,2kind-worker-6kind-worker2,kind-worker2,instances8-2kind-worker-6kind-worker2-pod8,154.377
8,1kind-worker-7kind-worker2,kind-worker,instances8-1kind-worker-7kind-worker2-pod1,141.618
8,1kind-worker-7kind-worker2,kind-worker2,instances8-1kind-worker-7kind-worker2-pod2,158.19
8,1kind-worker-7kind-worker2,kind-worker2,instances8-1kind-worker-7kind-worker2-pod3,156.522
8,1kind-worker-7kind-worker2,kind-worker2,instances8-1kind-worker-7kind-worker2-pod4,152.31
8,1kind-worker-7kind-worker2,kind-worker2,instances8-1kind-worker-7kind-worker2-pod5,155.949
8,1kind-worker-7kind-worker2,kind-worker2,instances8-1kind-worker-7kind-worker2-pod6,150.552
8,1kind-worker-7kind-worker2,kind-worker2,instances8-1kind-worker-7kind-worker2-pod7,158.442
8,1kind-worker-7kind-worker2,kind-worker2,instances8-1kind-worker-7kind-worker2-pod8,152.748
8,0kind-worker-8kind-worker2,kind-worker2,instances8-0kind-worker-8kind-worker2-pod1,146.268
8,0kind-worker-8kind-worker2,kind-worker2,instances8-0kind-worker-8kind-worker2-pod2,158.121
8,0kind-worker-8kind-worker2,kind-worker2,instances8-0kind-worker-8kind-worker2-pod3,157.866
8,0kind-worker-8kind-worker2,kind-worker2,instances8-0kind-worker-8kind-worker2-pod4,156.975
8,0kind-worker-8kind-worker2,kind-worker2,instances8-0kind-worker-8kind-worker2-pod5,156.93
8,0kind-worker-8kind-worker2,kind-worker2,instances8-0kind-worker-8kind-worker2-pod6,151.848
8,0kind-worker-8kind-worker2,kind-worker2,instances8-0kind-worker-8kind-worker2-pod7,148.242
8,0kind-worker-8kind-worker2,kind-worker2,instances8-0kind-worker-8kind-worker2-pod8,147.288
9,9kind-worker-0kind-worker2,kind-worker,instances9-9kind-worker-0kind-worker2-pod1,153.825
9,9kind-worker-0kind-worker2,kind-worker,instances9-9kind-worker-0kind-worker2-pod2,162.579
9,9kind-worker-0kind-worker2,kind-worker,instances9-9kind-worker-0kind-worker2-pod3,157.185
9,9kind-worker-0kind-worker2,kind-worker,instances9-9kind-worker-0kind-worker2-pod4,157.125
9,9kind-worker-0kind-worker2,kind-worker,instances9-9kind-worker-0kind-worker2-pod5,163.038
9,9kind-worker-0kind-worker2,kind-worker,instances9-9kind-worker-0kind-worker2-pod6,164.628
9,9kind-worker-0kind-worker2,kind-worker,instances9-9kind-worker-0kind-worker2-pod7,166.179
9,9kind-worker-0kind-worker2,kind-worker,instances9-9kind-worker-0kind-worker2-pod8,162.012
9,9kind-worker-0kind-worker2,kind-worker,instances9-9kind-worker-0kind-worker2-pod9,160.686
9,8kind-worker-1kind-worker2,kind-worker,instances9-8kind-worker-1kind-worker2-pod1,165.918
9,8kind-worker-1kind-worker2,kind-worker,instances9-8kind-worker-1kind-worker2-pod2,155.586
9,8kind-worker-1kind-worker2,kind-worker,instances9-8kind-worker-1kind-worker2-pod3,154.746
9,8kind-worker-1kind-worker2,kind-worker,instances9-8kind-worker-1kind-worker2-pod4,161.244
9,8kind-worker-1kind-worker2,kind-worker,instances9-8kind-worker-1kind-worker2-pod5,159.618
9,8kind-worker-1kind-worker2,kind-worker,instances9-8kind-worker-1kind-worker2-pod6,163.56
9,8kind-worker-1kind-worker2,kind-worker,instances9-8kind-worker-1kind-worker2-pod7,157.605
9,8kind-worker-1kind-worker2,kind-worker,instances9-8kind-worker-1kind-worker2-pod8,153.633
9,8kind-worker-1kind-worker2,kind-worker2,instances9-8kind-worker-1kind-worker2-pod9,145.983
9,7kind-worker-2kind-worker2,kind-worker,instances9-7kind-worker-2kind-worker2-pod1,157.755
9,7kind-worker-2kind-worker2,kind-worker,instances9-7kind-worker-2kind-worker2-pod2,162.498
9,7kind-worker-2kind-worker2,kind-worker,instances9-7kind-worker-2kind-worker2-pod3,165.549
9,7kind-worker-2kind-worker2,kind-worker,instances9-7kind-worker-2kind-worker2-pod4,160.461
9,7kind-worker-2kind-worker2,kind-worker,instances9-7kind-worker-2kind-worker2-pod5,159.294
9,7kind-worker-2kind-worker2,kind-worker,instances9-7kind-worker-2kind-worker2-pod6,166.095
9,7kind-worker-2kind-worker2,kind-worker,instances9-7kind-worker-2kind-worker2-pod7,156.507
9,7kind-worker-2kind-worker2,kind-worker2,instances9-7kind-worker-2kind-worker2-pod8,141.15
9,7kind-worker-2kind-worker2,kind-worker2,instances9-7kind-worker-2kind-worker2-pod9,145.113
9,6kind-worker-3kind-worker2,kind-worker,instances9-6kind-worker-3kind-worker2-pod1,169.863
9,6kind-worker-3kind-worker2,kind-worker,instances9-6kind-worker-3kind-worker2-pod2,170.427
9,6kind-worker-3kind-worker2,kind-worker,instances9-6kind-worker-3kind-worker2-pod3,162.762
9,6kind-worker-3kind-worker2,kind-worker,instances9-6kind-worker-3kind-worker2-pod4,164.421
9,6kind-worker-3kind-worker2,kind-worker,instances9-6kind-worker-3kind-worker2-pod5,171.972
9,6kind-worker-3kind-worker2,kind-worker,instances9-6kind-worker-3kind-worker2-pod6,170.337
9,6kind-worker-3kind-worker2,kind-worker2,instances9-6kind-worker-3kind-worker2-pod7,142.164
9,6kind-worker-3kind-worker2,kind-worker2,instances9-6kind-worker-3kind-worker2-pod8,112.437
9,6kind-worker-3kind-worker2,kind-worker2,instances9-6kind-worker-3kind-worker2-pod9,152.574
9,5kind-worker-4kind-worker2,kind-worker,instances9-5kind-worker-4kind-worker2-pod1,163.995
9,5kind-worker-4kind-worker2,kind-worker,instances9-5kind-worker-4kind-worker2-pod2,169.494
9,5kind-worker-4kind-worker2,kind-worker,instances9-5kind-worker-4kind-worker2-pod3,162.789
9,5kind-worker-4kind-worker2,kind-worker,instances9-5kind-worker-4kind-worker2-pod4,155.4
9,5kind-worker-4kind-worker2,kind-worker,instances9-5kind-worker-4kind-worker2-pod5,165.231
9,5kind-worker-4kind-worker2,kind-worker2,instances9-5kind-worker-4kind-worker2-pod6,100.383
9,5kind-worker-4kind-worker2,kind-worker2,instances9-5kind-worker-4kind-worker2-pod7,134.646
9,5kind-worker-4kind-worker2,kind-worker2,instances9-5kind-worker-4kind-worker2-pod8,151.467
9,5kind-worker-4kind-worker2,kind-worker2,instances9-5kind-worker-4kind-worker2-pod9,132.243
9,4kind-worker-5kind-worker2,kind-worker,instances9-4kind-worker-5kind-worker2-pod1,144.36
9,4kind-worker-5kind-worker2,kind-worker,instances9-4kind-worker-5kind-worker2-pod2,143.37
9,4kind-worker-5kind-worker2,kind-worker,instances9-4kind-worker-5kind-worker2-pod3,150.486
9,4kind-worker-5kind-worker2,kind-worker,instances9-4kind-worker-5kind-worker2-pod4,126.993
9,4kind-worker-5kind-worker2,kind-worker2,instances9-4kind-worker-5kind-worker2-pod5,167.445
9,4kind-worker-5kind-worker2,kind-worker2,instances9-4kind-worker-5kind-worker2-pod6,168.12
9,4kind-worker-5kind-worker2,kind-worker2,instances9-4kind-worker-5kind-worker2-pod7,159.153
9,4kind-worker-5kind-worker2,kind-worker2,instances9-4kind-worker-5kind-worker2-pod8,166.755
9,4kind-worker-5kind-worker2,kind-worker2,instances9-4kind-worker-5kind-worker2-pod9,165.885
9,3kind-worker-6kind-worker2,kind-worker,instances9-3kind-worker-6kind-worker2-pod1,135.657
9,3kind-worker-6kind-worker2,kind-worker,instances9-3kind-worker-6kind-worker2-pod2,109.032
9,3kind-worker-6kind-worker2,kind-worker,instances9-3kind-worker-6kind-worker2-pod3,138.474
9,3kind-worker-6kind-worker2,kind-worker2,instances9-3kind-worker-6kind-worker2-pod4,163.992
9,3kind-worker-6kind-worker2,kind-worker2,instances9-3kind-worker-6kind-worker2-pod5,157.479
9,3kind-worker-6kind-worker2,kind-worker2,instances9-3kind-worker-6kind-worker2-pod6,165.918
9,3kind-worker-6kind-worker2,kind-worker2,instances9-3kind-worker-6kind-worker2-pod7,159.444
9,3kind-worker-6kind-worker2,kind-worker2,instances9-3kind-worker-6kind-worker2-pod8,163.389
9,3kind-worker-6kind-worker2,kind-worker2,instances9-3kind-worker-6kind-worker2-pod9,158.028
9,2kind-worker-7kind-worker2,kind-worker,instances9-2kind-worker-7kind-worker2-pod1,141.228
9,2kind-worker-7kind-worker2,kind-worker,instances9-2kind-worker-7kind-worker2-pod2,124.068
9,2kind-worker-7kind-worker2,kind-worker2,instances9-2kind-worker-7kind-worker2-pod3,163.506
9,2kind-worker-7kind-worker2,kind-worker2,instances9-2kind-worker-7kind-worker2-pod4,164.556
9,2kind-worker-7kind-worker2,kind-worker2,instances9-2kind-worker-7kind-worker2-pod5,161.094
9,2kind-worker-7kind-worker2,kind-worker2,instances9-2kind-worker-7kind-worker2-pod6,163.953
9,2kind-worker-7kind-worker2,kind-worker2,instances9-2kind-worker-7kind-worker2-pod7,158.994
9,2kind-worker-7kind-worker2,kind-worker2,instances9-2kind-worker-7kind-worker2-pod8,165.912
9,2kind-worker-7kind-worker2,kind-worker2,instances9-2kind-worker-7kind-worker2-pod9,159.942
9,1kind-worker-8kind-worker2,kind-worker,instances9-1kind-worker-8kind-worker2-pod1,133.236
9,1kind-worker-8kind-worker2,kind-worker2,instances9-1kind-worker-8kind-worker2-pod2,156.939
9,1kind-worker-8kind-worker2,kind-worker2,instances9-1kind-worker-8kind-worker2-pod3,147.384
9,1kind-worker-8kind-worker2,kind-worker2,instances9-1kind-worker-8kind-worker2-pod4,154.896
9,1kind-worker-8kind-worker2,kind-worker2,instances9-1kind-worker-8kind-worker2-pod5,157.32
9,1kind-worker-8kind-worker2,kind-worker2,instances9-1kind-worker-8kind-worker2-pod6,159.822
9,1kind-worker-8kind-worker2,kind-worker2,instances9-1kind-worker-8kind-worker2-pod7,151.422
9,1kind-worker-8kind-worker2,kind-worker2,instances9-1kind-worker-8kind-worker2-pod8,162.879
9,1kind-worker-8kind-worker2,kind-worker2,instances9-1kind-worker-8kind-worker2-pod9,164.217
9,0kind-worker-9kind-worker2,kind-worker2,instances9-0kind-worker-9kind-worker2-pod1,160.302
9,0kind-worker-9kind-worker2,kind-worker2,instances9-0kind-worker-9kind-worker2-pod2,153.36
9,0kind-worker-9kind-worker2,kind-worker2,instances9-0kind-worker-9kind-worker2-pod3,152.901
9,0kind-worker-9kind-worker2,kind-worker2,instances9-0kind-worker-9kind-worker2-pod4,158.343
9,0kind-worker-9kind-worker2,kind-worker2,instances9-0kind-worker-9kind-worker2-pod5,159.471
9,0kind-worker-9kind-worker2,kind-worker2,instances9-0kind-worker-9kind-worker2-pod6,156.828
9,0kind-worker-9kind-worker2,kind-worker2,instances9-0kind-worker-9kind-worker2-pod7,162.357
9,0kind-worker-9kind-worker2,kind-worker2,instances9-0kind-worker-9kind-worker2-pod8,153.108
9,0kind-worker-9kind-worker2,kind-worker2,instances9-0kind-worker-9kind-worker2-pod9,162.801
10,10kind-worker-0kind-worker2,kind-worker,instances10-10kind-worker-0kind-worker2-pod1,167.307
10,10kind-worker-0kind-worker2,kind-worker,instances10-10kind-worker-0kind-worker2-pod2,164.52
10,10kind-worker-0kind-worker2,kind-worker,instances10-10kind-worker-0kind-worker2-pod3,158.022
10,10kind-worker-0kind-worker2,kind-worker,instances10-10kind-worker-0kind-worker2-pod4,156.498
10,10kind-worker-0kind-worker2,kind-worker,instances10-10kind-worker-0kind-worker2-pod5,164.772
10,10kind-worker-0kind-worker2,kind-worker,instances10-10kind-worker-0kind-worker2-pod6,166.83
10,10kind-worker-0kind-worker2,kind-worker,instances10-10kind-worker-0kind-worker2-pod7,168.522
10,10kind-worker-0kind-worker2,kind-worker,instances10-10kind-worker-0kind-worker2-pod8,165.081
10,10kind-worker-0kind-worker2,kind-worker,instances10-10kind-worker-0kind-worker2-pod9,165.342
10,10kind-worker-0kind-worker2,kind-worker,instances10-10kind-worker-0kind-worker2-pod10,168.882
10,9kind-worker-1kind-worker2,kind-worker,instances10-9kind-worker-1kind-worker2-pod1,168.087
10,9kind-worker-1kind-worker2,kind-worker,instances10-9kind-worker-1kind-worker2-pod2,163.098
10,9kind-worker-1kind-worker2,kind-worker,instances10-9kind-worker-1kind-worker2-pod3,158.25
10,9kind-worker-1kind-worker2,kind-worker,instances10-9kind-worker-1kind-worker2-pod4,166.959
10,9kind-worker-1kind-worker2,kind-worker,instances10-9kind-worker-1kind-worker2-pod5,159.054
10,9kind-worker-1kind-worker2,kind-worker,instances10-9kind-worker-1kind-worker2-pod6,168.345
10,9kind-worker-1kind-worker2,kind-worker,instances10-9kind-worker-1kind-worker2-pod7,167.538
10,9kind-worker-1kind-worker2,kind-worker,instances10-9kind-worker-1kind-worker2-pod8,156.498
10,9kind-worker-1kind-worker2,kind-worker,instances10-9kind-worker-1kind-worker2-pod9,163.113
10,9kind-worker-1kind-worker2,kind-worker2,instances10-9kind-worker-1kind-worker2-pod10,146.505
10,8kind-worker-2kind-worker2,kind-worker,instances10-8kind-worker-2kind-worker2-pod1,162.918
10,8kind-worker-2kind-worker2,kind-worker,instances10-8kind-worker-2kind-worker2-pod2,161.391
10,8kind-worker-2kind-worker2,kind-worker,instances10-8kind-worker-2kind-worker2-pod3,159.567
10,8kind-worker-2kind-worker2,kind-worker,instances10-8kind-worker-2kind-worker2-pod4,160.311
10,8kind-worker-2kind-worker2,kind-worker,instances10-8kind-worker-2kind-worker2-pod5,159.405
10,8kind-worker-2kind-worker2,kind-worker,instances10-8kind-worker-2kind-worker2-pod6,155.145
10,8kind-worker-2kind-worker2,kind-worker,instances10-8kind-worker-2kind-worker2-pod7,158.727
10,8kind-worker-2kind-worker2,kind-worker,instances10-8kind-worker-2kind-worker2-pod8,159.681
10,8kind-worker-2kind-worker2,kind-worker2,instances10-8kind-worker-2kind-worker2-pod9,137.049
10,8kind-worker-2kind-worker2,kind-worker2,instances10-8kind-worker-2kind-worker2-pod10,151.422
10,7kind-worker-3kind-worker2,kind-worker,instances10-7kind-worker-3kind-worker2-pod1,167.673
10,7kind-worker-3kind-worker2,kind-worker,instances10-7kind-worker-3kind-worker2-pod2,172.365
10,7kind-worker-3kind-worker2,kind-worker,instances10-7kind-worker-3kind-worker2-pod3,160.011
10,7kind-worker-3kind-worker2,kind-worker,instances10-7kind-worker-3kind-worker2-pod4,165.48
10,7kind-worker-3kind-worker2,kind-worker,instances10-7kind-worker-3kind-worker2-pod5,159.18
10,7kind-worker-3kind-worker2,kind-worker,instances10-7kind-worker-3kind-worker2-pod6,168.606
10,7kind-worker-3kind-worker2,kind-worker,instances10-7kind-worker-3kind-worker2-pod7,167.1
10,7kind-worker-3kind-worker2,kind-worker2,instances10-7kind-worker-3kind-worker2-pod8,149.895
10,7kind-worker-3kind-worker2,kind-worker2,instances10-7kind-worker-3kind-worker2-pod9,141.963
10,7kind-worker-3kind-worker2,kind-worker2,instances10-7kind-worker-3kind-worker2-pod10,113.385
10,6kind-worker-4kind-worker2,kind-worker,instances10-6kind-worker-4kind-worker2-pod1,171.783
10,6kind-worker-4kind-worker2,kind-worker,instances10-6kind-worker-4kind-worker2-pod2,172.722
10,6kind-worker-4kind-worker2,kind-worker,instances10-6kind-worker-4kind-worker2-pod3,164.343
10,6kind-worker-4kind-worker2,kind-worker,instances10-6kind-worker-4kind-worker2-pod4,170.424
10,6kind-worker-4kind-worker2,kind-worker,instances10-6kind-worker-4kind-worker2-pod5,175.083
10,6kind-worker-4kind-worker2,kind-worker,instances10-6kind-worker-4kind-worker2-pod6,163.908
10,6kind-worker-4kind-worker2,kind-worker2,instances10-6kind-worker-4kind-worker2-pod7,124.782
10,6kind-worker-4kind-worker2,kind-worker2,instances10-6kind-worker-4kind-worker2-pod8,142.662
10,6kind-worker-4kind-worker2,kind-worker2,instances10-6kind-worker-4kind-worker2-pod9,134.97
10,6kind-worker-4kind-worker2,kind-worker2,instances10-6kind-worker-4kind-worker2-pod10,142.401
10,5kind-worker-5kind-worker2,kind-worker,instances10-5kind-worker-5kind-worker2-pod1,169.281
10,5kind-worker-5kind-worker2,kind-worker,instances10-5kind-worker-5kind-worker2-pod2,167.919
10,5kind-worker-5kind-worker2,kind-worker,instances10-5kind-worker-5kind-worker2-pod3,170.187
10,5kind-worker-5kind-worker2,kind-worker,instances10-5kind-worker-5kind-worker2-pod4,169.731
10,5kind-worker-5kind-worker2,kind-worker,instances10-5kind-worker-5kind-worker2-pod5,160.131
10,5kind-worker-5kind-worker2,kind-worker2,instances10-5kind-worker-5kind-worker2-pod6,163.728
10,5kind-worker-5kind-worker2,kind-worker2,instances10-5kind-worker-5kind-worker2-pod7,162.171
10,5kind-worker-5kind-worker2,kind-worker2,instances10-5kind-worker-5kind-worker2-pod8,160.641
10,5kind-worker-5kind-worker2,kind-worker2,instances10-5kind-worker-5kind-worker2-pod9,165.912
10,5kind-worker-5kind-worker2,kind-worker2,instances10-5kind-worker-5kind-worker2-pod10,167.034
10,4kind-worker-6kind-worker2,kind-worker,instances10-4kind-worker-6kind-worker2-pod1,148.617
10,4kind-worker-6kind-worker2,kind-worker,instances10-4kind-worker-6kind-worker2-pod2,115.461
10,4kind-worker-6kind-worker2,kind-worker,instances10-4kind-worker-6kind-worker2-pod3,128.664
10,4kind-worker-6kind-worker2,kind-worker,instances10-4kind-worker-6kind-worker2-pod4,152.952
10,4kind-worker-6kind-worker2,kind-worker2,instances10-4kind-worker-6kind-worker2-pod5,165.735
10,4kind-worker-6kind-worker2,kind-worker2,instances10-4kind-worker-6kind-worker2-pod6,177.966
10,4kind-worker-6kind-worker2,kind-worker2,instances10-4kind-worker-6kind-worker2-pod7,172.029
10,4kind-worker-6kind-worker2,kind-worker2,instances10-4kind-worker-6kind-worker2-pod8,181.203
10,4kind-worker-6kind-worker2,kind-worker2,instances10-4kind-worker-6kind-worker2-pod9,177.333
10,4kind-worker-6kind-worker2,kind-worker2,instances10-4kind-worker-6kind-worker2-pod10,169.593
10,3kind-worker-7kind-worker2,kind-worker,instances10-3kind-worker-7kind-worker2-pod1,145.188
10,3kind-worker-7kind-worker2,kind-worker,instances10-3kind-worker-7kind-worker2-pod2,153.39
10,3kind-worker-7kind-worker2,kind-worker,instances10-3kind-worker-7kind-worker2-pod3,143.397
10,3kind-worker-7kind-worker2,kind-worker2,instances10-3kind-worker-7kind-worker2-pod4,168.09
10,3kind-worker-7kind-worker2,kind-worker2,instances10-3kind-worker-7kind-worker2-pod5,173.919
10,3kind-worker-7kind-worker2,kind-worker2,instances10-3kind-worker-7kind-worker2-pod6,173.748
10,3kind-worker-7kind-worker2,kind-worker2,instances10-3kind-worker-7kind-worker2-pod7,172.239
10,3kind-worker-7kind-worker2,kind-worker2,instances10-3kind-worker-7kind-worker2-pod8,166.728
10,3kind-worker-7kind-worker2,kind-worker2,instances10-3kind-worker-7kind-worker2-pod9,164.499
10,3kind-worker-7kind-worker2,kind-worker2,instances10-3kind-worker-7kind-worker2-pod10,174.906
10,2kind-worker-8kind-worker2,kind-worker,instances10-2kind-worker-8kind-worker2-pod1,151.464
10,2kind-worker-8kind-worker2,kind-worker,instances10-2kind-worker-8kind-worker2-pod2,138.066
10,2kind-worker-8kind-worker2,kind-worker2,instances10-2kind-worker-8kind-worker2-pod3,180.27
10,2kind-worker-8kind-worker2,kind-worker2,instances10-2kind-worker-8kind-worker2-pod4,166.812
10,2kind-worker-8kind-worker2,kind-worker2,instances10-2kind-worker-8kind-worker2-pod5,165.342
10,2kind-worker-8kind-worker2,kind-worker2,instances10-2kind-worker-8kind-worker2-pod6,160.305
10,2kind-worker-8kind-worker2,kind-worker2,instances10-2kind-worker-8kind-worker2-pod7,153.741
10,2kind-worker-8kind-worker2,kind-worker2,instances10-2kind-worker-8kind-worker2-pod8,162.204
10,2kind-worker-8kind-worker2,kind-worker2,instances10-2kind-worker-8kind-worker2-pod9,164.079
10,2kind-worker-8kind-worker2,kind-worker2,instances10-2kind-worker-8kind-worker2-pod10,166.983
10,1kind-worker-9kind-worker2,kind-worker,instances10-1kind-worker-9kind-worker2-pod1,149.034
10,1kind-worker-9kind-worker2,kind-worker2,instances10-1kind-worker-9kind-worker2-pod2,171.084
10,1kind-worker-9kind-worker2,kind-worker2,instances10-1kind-worker-9kind-worker2-pod3,162.855
10,1kind-worker-9kind-worker2,kind-worker2,instances10-1kind-worker-9kind-worker2-pod4,156.819
10,1kind-worker-9kind-worker2,kind-worker2,instances10-1kind-worker-9kind-worker2-pod5,161.526
10,1kind-worker-9kind-worker2,kind-worker2,instances10-1kind-worker-9kind-worker2-pod6,164.136
10,1kind-worker-9kind-worker2,kind-worker2,instances10-1kind-worker-9kind-worker2-pod7,156.102
10,1kind-worker-9kind-worker2,kind-worker2,instances10-1kind-worker-9kind-worker2-pod8,165.279
10,1kind-worker-9kind-worker2,kind-worker2,instances10-1kind-worker-9kind-worker2-pod9,164.865
10,1kind-worker-9kind-worker2,kind-worker2,instances10-1kind-worker-9kind-worker2-pod10,170.529
10,0kind-worker-10kind-worker2,kind-worker2,instances10-0kind-worker-10kind-worker2-pod1,170.685
10,0kind-worker-10kind-worker2,kind-worker2,instances10-0kind-worker-10kind-worker2-pod2,171.318
10,0kind-worker-10kind-worker2,kind-worker2,instances10-0kind-worker-10kind-worker2-pod3,154.731
10,0kind-worker-10kind-worker2,kind-worker2,instances10-0kind-worker-10kind-worker2-pod4,172.209
10,0kind-worker-10kind-worker2,kind-worker2,instances10-0kind-worker-10kind-worker2-pod5,166.251
10,0kind-worker-10kind-worker2,kind-worker2,instances10-0kind-worker-10kind-worker2-pod6,163.284
10,0kind-worker-10kind-worker2,kind-worker2,instances10-0kind-worker-10kind-worker2-pod7,175.629
10,0kind-worker-10kind-worker2,kind-worker2,instances10-0kind-worker-10kind-worker2-pod8,169.329
10,0kind-worker-10kind-worker2,kind-worker2,instances10-0kind-worker-10kind-worker2-pod9,167.685
10,0kind-worker-10kind-worker2,kind-worker2,instances10-0kind-worker-10kind-worker2-pod10,169.176